type,priority,summary
Bug,Major,Network Server Protocol error when select fails and 'order by' is specified
Bug,Minor,NPE when trying to create a database at a directory that is not allowed
Bug,Major,Make LOCKS as non-reserved keyword in Derby since it is not a reserved keyword in the SQL standards
Improvement,Major,When using encryption  do not store the length information about the external key in service.properties
Improvement,Major,Support for like ? Escape ?
Improvement,Major,Request support for CAST() in Like clause
Bug,Major,NPE when creating a trigger on a table and default schema doesn't exist.
Bug,Minor,RunSuite summary rounds incorrectly
Bug,Major,dblook displays message keys instead of their associated text
Bug,Major,Lock not being released properly  possibly related to occurence of lock escalation
Improvement,Major,Add support for insert functionality using JDBC 2.0 updatable resultset apis
Improvement,Minor,[PATCH] Improvements on the NetServlet
Bug,Critical,Suite jdk14 is skipped incorrectly with J2SE 5.0
Bug,Major,Derby incorrectly rounds double values down during insert into NUMERIC
Bug,Major,Aliased Columns not recognized after 'group by... order by' combination
Bug,Minor,Network Server Gives NPE if SQLException has null arguments   (e.g. for ERROR XBM0H)
Bug,Major,Derby should throw a truncation error or warning when CASTing a parameter/constant to char or char for bit datatypes and the data is too large for the datatype.
Improvement,Major,in place table/index compress which returns space to OS
Bug,Major,Bad Eclipse plugin version specification
Improvement,Major,Inserting values in an identity column
Bug,Major,For the concurrency of ResultSet  Network Server should not send the concurrency of Statement.
Bug,Major,setNull does not work with java.sql.Types.TIMESTAMP
Bug,Minor,Parameter names required in CREATE FUNCTION
Bug,Minor,List of jar files in tools/java incorrect in BUILDING.txt
Bug,Major,isFirst() returns true when relative(x) goes beyond result set
Improvement,Minor,Add Support for network Server USRIDONL security
Bug,Major,setNull(x JDBCType.DATE) does not work when batching is turned on
Improvement,Minor,Optimize some specific methods in Network Server to improve performance
Improvement,Minor,Javadoc build should include a timestamp and/or the svn revision number in a visible location.
Bug,Major,Column names on ResultSet.updateXXX and getXXX methods are handled incorrectly
Bug,Minor,'Schema already exists' when creating a table
Improvement,Minor,'FOR UPDATE' required for updatable result set to work
Improvement,Minor,Fix copyright notices and other IBM/Cloudscape references in java/demo/*
Bug,Minor,Testharness: testEncryptionAlgorithm property is not being picked up correctly for some encryption suites
Improvement,Major,Need a online backup feature  that does not block update operations   when online backup is in progress.
Improvement,Trivial,connection toString should uniquely identify the connection
Improvement,Minor,Network Server demo program should support Derby network client driver
Bug,Trivial,Builds fail during splitmessages step if path contains spaces
Bug,Minor,test tools/dblook_test.java fails if run in a directory having '*derby/*' in its path
Improvement,Major,Provide some way to update index cardinality statistics (e.g. reimplement update statistics)
Bug,Minor,testing/README.htm property descriptions: testSpecialProps wrongly named; useprocess omitted
Bug,Major,SYS.SYSCOLUMN problem with 'GENERATED BY DEFAULT' column w/ Network Server
Bug,Major,Remove resultSetHoldability property from ClientDataSource
Bug,Minor,AES encryption test fails on Solaris 10
Bug,Trivial,Many files do not have correct svn-properties
Bug,Major,Network client XA should only keep XA state for transaction branch association  to track whether to send commit in autocommit mode.  All other state and state related decisions should be deferred to the server.
Bug,Minor,example.html file for the SimpleApp does not describe the arguments accepted by the program
Bug,Minor,setByte() with executeBatch causes hang with client if mapping is invalid  e.g. setByte to DATE
Bug,Major,It is desirable to have IDENTITY_VAL_LOCAL() function return last recent user specified value or system generated value for BY DEFAULT identity columns.
Bug,Major,Unknown page format  error  while doing recovery after a  a crash while doing  in place compress.
Bug,Major,Specification of incomplete server properties on command line causes NPE with NetworkServerControl when starting the server.
Bug,Trivial,servlet Back to Main Page link points to csnet instead of derbynet
Bug,Minor,SimpleNetworkClientSample.java network server example has an error which causes it to fail
Bug,Critical,With Network Server Database hangs after some time with many connections executing prepareStatement()
Bug,Minor,Disable creating indexes on long varchar for bit data. Long varchar column doesn't allow creating indexes already.
Improvement,Minor,Network client message strings not internationalized
Bug,Major,Client DataSource should not require user property to be set
Bug,Minor,sysinfo with -cp client option should not print error saying DB2 jar file and driver class are missing
Improvement,Major,Create a new sample database for use in examples in the manuals
Bug,Minor,Queryplan for a query using SESSION schema view is incorrectly put in statement cache. This could cause incorrect plan getting executed later if a temp. table is created with that name.
Bug,Major,Passing the return of  a RETURN NULL ON NULL INPUT function to another function call throws linkage error.
Bug,Trivial,Error message  X0X07  has incorrect property name  db2j.database.classpath instead of derby.database.classpath
Bug,Minor,SecurityException or LinkageException thrown during loading a class from a database jar incorrectly shuts the engine down.
Bug,Major,DatabaseMetaData.getColumns() fails on iSeries JDK 1.4 with verfier error on generated class.
Bug,Major,Result set holdability defined inside stored procedures is ignored by server/client
Improvement,Major,Expose BOOLEAN datatype to end users
Bug,Minor,SELECT DISTINCT returns duplicates when selecting from subselects
Improvement,Major,Integrate upgrade tests into test suite
Bug,Major,getAsciiStreamshould replace non-ASCII characters with 0x3f  '?'  to match embedded
Bug,Major,Incorrect insane build on windows platform
Bug,Major,ClientDriver ignores Properties object in connect(String url  Properties connectionProperties) method
Bug,Minor,The current build.properties for the Derby Help Plug-in for Eclipse does not work for creating a deployable plug-in
Bug,Major,Loading databases from jars in the classpath is broken  databases cannot be found.
Bug,Minor,Read-only databases fail to boot after soft upgrade. Raises error message:  40XD1: Container was opened in read-only mode.
Bug,Major,Dynamic parameter should be allowed to be the operand of unary operator '-'. Derby throws exception 42X36: The '-' operator is not allowed to take a ? parameter as an operand.'
Bug,Major,Using derby.language.logStatementText=true can mask certain exceptions and lead to incorrect behavior in some cases
Bug,Major,SYSCS_UTIL.SYSCS_INPLACE_COMPRESS_TABLE fails on (very) large tables
Bug,Major,Make the client driver connection URL work when spaces are in the URL.
Bug,Minor,sysinfo incorrectly requires permission on Derby jar files
Bug,Minor,Derby monitor accesses two system properties without using a privileged block when built sane=true
Bug,Major,create trigger fails with null pointer exception
Bug,Major,Subquery materialization can cause stack overflow
Bug,Major,Network driver setTransactionIsolation() causes a commit  but does not complete it locally
Improvement,Minor,SELECT MAX doesn't use indices optimally
Bug,Major,getImportedKeys returns duplicate rows in some cases
Bug,Major,SecurityException with accessDeclaredMembers on DatabaseMetaData.getTables.
Bug,Blocker,during crash recovery of a drop table  on case insensitive files systems derby may delete wrong file
Improvement,Minor,Remove backup(File ...) methods
Bug,Minor,Build-time processing of 'metadata.properties' file handles slashes incorrectly.
Bug,Major,In ij  executing a prepared statement with numeric/decimal parameter fails with NullPointerException in J2ME/CDC/FP
Bug,Minor,Add tests for error codes for severe exceptions
Bug,Trivial,NullPointerException or ClassCastException if UPDATE or DELETE is performed on a diagnostic VTI
Bug,Major,Network client: deleteRow() makes getter methods return nulls for the following rows.
Bug,Major,Unable to create databases whose name containg Chinese characters through the client driver
Improvement,Major,Starvation in RAFContainer.readPage()
Improvement,Minor,SYSCS_UTIL.SYSCS_COMPRESS_TABLE should create statistics if they do not exist
Bug,Minor,Problem setting sanity state to false by using 'ant -Dsane=false'
Improvement,Major,Materialize subqueries in select list where possible to avoid creating invariant resultsets many times.
Improvement,Major,Enhance ALTER TABLE syntax to allow users to change the next value to be generated for an identity column
Bug,Major,cursor closed as a sideeffect of closing another cursor with the same name on another connection
Improvement,Major,Allow parallel access to data files.
Improvement,Minor,One each deleted or updated from a heap row a new RowPosition object is created.
Bug,Minor,Incorrect documentation for 'NetworkServerControl.logConnections(boolean)'
Improvement,Minor,Client driver: Pre-fetch data on executeQuery()
Improvement,Minor,modify setCharacterStreamInternal to take a long for the length  and perform the > max int check in the method
Bug,Major,LDAP user authentication fails under a security manager
Bug,Minor,Intermittent failure of store/readlocks.sql
Bug,Minor,add mechanism for specifying policy file for individual function tests
Bug,Major,Remove use of String(byte[]) and String(byte[]  int  int) constructors in testing leading to non-portable behaviour
Bug,Critical,big decimal error diff in derbyall lang/procedure test run in the DerbyNetClient - jdk1.3 specific
Improvement,Major,introduce a new test type to run junit tests from the current harness
Improvement,Major,new JDBC4 metadata API getFunctions() needs to be implemented
Bug,Minor,NullPointerException at ResultSet.close() time for simple query using UNION and INTERSECT
Bug,Minor,Error 22001 can include 'XX-RESOLVE-XX' which should be removed
Bug,Minor,DatabaseMetadata method supportsResultSetConcurrency returns wrong result on network client
Bug,Critical,creating a preparedStatement outside of a Global tran using a ClientXADatasource  will result in an 'SqlException: Cannot set holdability'  if the statement  is used in a Global transaction
Bug,Minor,tests derbynet/csPrepStmt and prepStmt use mechanisms that are not portable over encodings
Bug,Minor,unit/daemonService.unit fails intermittently: 'ran out of time'
Bug,Minor,store/access.sql fails - incorrect index?
Bug,Trivial,tests jdbcapi/SURTest.junit and jdbcapi/SURQueryMixTest.junit run twice in derbynetclientmats
Bug,Minor,Optimizer can return incorrect 'best cost' estimates with nested subqueries  which leads to generation of sub-optimal plans.
Bug,Major,Embedded ResultSet.getStatement() does not return the Statement object that created it  for a connection returned from EmbeddedXADataSource
Bug,Minor,new test lang/ShutdownDatabase.java fails with j2ME
Bug,Major,forupdate.sql   holdCursorIJ.sql ..etc are failing when run with 10.1 client againest trunk
Bug,Minor,JVMInfo is duplicated in derbyclient.jar
Bug,Major,test jdbcapi/checkDataSource30 and savepointJdbc30_XA fail with remote server with security exceptions
Bug,Minor,Security.AccessControlException in client under SecurityManager when trying to connect using EUSRIDPWD security mechanism
Improvement,Minor,Change the internal implemetation of SYSCS_INPLACE_COMPRESS_TABLE to share existing alter table
Bug,Major,Delete cascade causes NULL values inserted into table when after delete Trigger fires
Bug,Minor,Misleading/wrong error message while dropping a view
Bug,Major,Derby fails inserting a join into a table with a generated column
Bug,Minor,Test harness does not pass jvm flags properly if there are more than 1 property in jvm flags
Bug,Minor,ResultSet.getHoldabilty will return incorrect value when the ResultSet is obtained from a procedure call
Bug,Major,For existing databases JDBC metadata queries do not get updated properly  between maintenance versions.
Bug,Critical,transaction logs files requried for recovery are getting deleted when backup and checkpointas are running in parallel.
Bug,Major,client gives SqlException for test callable.java and parameterMapping.java on zOS
Bug,Minor,jdbc4/TestDbMetaData.java fails because of changes in SQLException text
Bug,Major,compatibility tests fail with security related errors.
Bug,Major,Truncation Error with Concat
Bug,Major,With client PooledConnection.getConnection() does not reset holdability and isolation state properly
Bug,Major,Failures in sysinfo and sysinfo_withproperties induced by classpath wiring
Bug,Minor,derbynet/testSecMec.java fails with Sun JDK 1.3
Improvement,Major,Separate XAResource from EmbedXAConnection
Improvement,Minor,allow the encrypting of an existing unencrypted db and allow the re-encrypting of an existing encrypted db
Improvement,Minor,Helper methods in BaseJDBCTestCase for creating data sources
Bug,Minor,PreparedStatement.executeUpdate throws a XJ05C exception in a global transaction if the statement is HOLD_CURSORS_OVER_COMMIT
Bug,Minor,NullPointerException in network server with LDAP authentication
Bug,Minor,defragment of inplace compress pass for described dataset is not freeing up empty pages.
Bug,Minor,Network Server reports wrong product name when logging connections to derby.log
Bug,Minor,Derby Server and Administration Guide - Servlet interface - Running page
Improvement,Minor,ij should have a --help option to print command line syntax
Bug,Minor,jdbcapi/checkDataSource.java and jdbcapi/checkDataSource30.java hang intermittently with client
Improvement,Trivial,Remove the huge log files (TesterN.out) left from running 'stress/stress.multi'
Bug,Major,LIKE does not match empty strings when used with a prepared statement
Improvement,Major,Move isPoolable() and setPoolable() from PreparedStatement to Statement
Improvement,Major,Verify that applications can't manipulate the transaction state while inside a distributed transaction.
Bug,Major,Assert failure in BasePage.shiftUp() when running store/onlineBackupTest4.sql
Bug,Minor,Old clients with new server return wrong database metadata values for some methods
Bug,Major,XAConnection uses NetConnection as underlying physical connection for JDBC4/Java 1.6
Improvement,Major,Implement new JDBC4 methods for creating empty LOBs in the embedded client
Bug,Minor,Client: Attempted deleteRow or updateRow while on insert row gives wrong error message
Bug,Major,Network Server does not shutdown the databases it has booted when started and shutdown from the command line
Improvement,Minor,Calling ResultSet.isLast() on a scrollable insensitive resultset  causes the entire ResultSet to be populated
Bug,Minor,Resolve test failures with JCC2.8
Bug,Minor,Tests jdbcapi/HoldabilityTest.junit  jdbcapi/UpdateXXXTest.junit jdbcapi/SURTest.junit fail on wctme5.7_foundation
Improvement,Major,SUR: Use DRDA's extended diagnostic to send ROW_UPDATED and ROW_DELETED warnings.
Bug,Major,Differences between client and embedded when invoking stored procedures using Statement.executeUpdate()
Bug,Minor,Test lang/procedure.java fails with ibm1.5 jvm
Bug,Minor,Missing resets of isOnInsertRow state in net client when navigating away via other than ResultSet#next
Bug,Major,Need to remove old copyright notice
Bug,Major,Isolation level of local connection does not get reset after exiting a global transaction if the isolation level was changed using SQL
Bug,Major,Identity column can be  created with wrong and very large start with value with  'J2RE 1.5.0 IBM Windows 32 build pwi32dev-20060412 (SR2)' with JIT on
Improvement,Minor,messages_pt_BR.properties file  should not translate Network Server 'start' and 'shutdown' commands
Bug,Minor,lang/forupdate.sql fails with derbyclient in the 10.1 branch
Bug,Major,ClientDriver ResultSetMetaData.isAutoIncrement(column) always returns false
Bug,Critical,Class-Path manifest entry for derby.jar is missing from the 10.2.0.2 snapshot
Improvement,Minor,add  lang/grantrevoke.java to derbynetclientmats
Improvement,Minor,File java/engine/org/apache/derby/loc/messages_en.properties - Message XSLAT.D
Bug,Critical,Interface changes introduced in Mustang build 86
Bug,Critical,Wrong results with query using LIKE and ESCAPE clause that includes '%'  '/'  and '_'
Bug,Minor,Message id J029 (CONN_RESTORE_FROM) does not have a matching message text
Bug,Trivial,Typo in link to Simple Example from frameworks/readme.html
Bug,Major,setEmbeddedCP.ksh and setNetworkCleitn.ksh does not work or gives wrong error message
Bug,Minor,Using -Djvmflags option causes NoClassDefFoundError
Improvement,Major,Add MessageBundleTest to build script to verify that there are no orphaned message ids
Improvement,Major,Network Server should flush the PrintWriter after console output
Bug,Minor,Correct instructions in demo html file demo/simple/example.html
Improvement,Major,Provide ALTER TABLE DROP COLUMN functionality
Bug,Major,EmbeddedDriver does not implement PreparedStatement.setNull(int  int  String)
Improvement,Minor,testSecMec needs many masters - should convert to junit
Bug,Major,test run exits for _foundation run because unloadEmbeddedDriver uses driverManager  which isn't available.
Bug,Minor,'SQLBinary.readFromStream' can enter endless loop
Improvement,Major,Upgrade test needs to be enhanced to test grant revoke
Improvement,Minor,Factor out type checks in EmbedResultSet and EmbedPreparedStatement
Bug,Major,The Eclipse plug-in distributions (UI and Core zip files) do not contain the Apache license  copyright or notice files
Bug,Major,Unexpected behavior on self privilege revocation
Improvement,Major,A  trigger should be dropped when a privilege required by the trigger is revoked.
Bug,Minor,Make test jdbc4/TestPreparedStatement run under the security manager
Bug,Major,derbynet/testProtocol.java fails with security manager enabled
Bug,Minor,Derby JDBC 4.0 driver returns 3 for JDBC driver major version
Improvement,Minor,enable more testcases in ConcurrencyTest
Bug,Minor,NullPointerException in UPDATE with COALESCE and subquery
Bug,Minor,Link 'Getting Started....' and 'Apache Derby Server ....' in demo.html needs to be linked to actual documents instead of manuals page
Bug,Minor,Network server fails with DRDAProtocolException if a BLOB with size 2147483647 is streamed from client
Bug,Major,Scripts in frameworks direcotry needs to be revisted to set up CLASSPATH properly
Bug,Trivial,test harness evaluates j9 2.2 jvm (a.k.a wctme5.7) as isJDBC4; does enthousiastic sed-ing
Bug,Minor,derbyrunjartest hangs with wctme5.7 & always uses j9_13; hangs with _foundation
Bug,Trivial,new j9 canons required/canons need to be removed to catch up to changes to 7/27/06.
Bug,Major,Test harness overrides heap size settings when starting Network Server
Bug,Major,Lots of jdk1.6 regression test failures with diffs because of  SQL Exception instead of java.sql.SQLException
Bug,Major,Sysinfo in 10.2  shows multiple entries if the derby jars reside in a directory with spaces in its name
Bug,Critical,Trigger action statement is not recompile when there is a change that would affect it.
Bug,Critical,NetConnection40 references an engine class  org.apache.derby.impl.jdbc.Util
Improvement,Major,A  'revoke execute ... restrict' should fail if there are dependent objects on the execute privilege
Bug,Minor,NPE when inserting values to a table that has a column declared as generated by default as identity
Bug,Major,Create index on large tables fails with too many open files   FileNotFoundException.
Improvement,Minor,Network Server should not send to client that it supports EUSRIDPWD when running against Sun JVM
Bug,Major,Regression (wrong results): Join predicate can be ignored for left-most child in a chain of nested unions.
Bug,Minor,ConsistencyToken.hashCode() is not thread safe
Bug,Major,jdbcapi/blobclob4BLOB.java fails under DerbyNet framework with JCC 2.6
Bug,Major,Client driver does not use the query timeout value set using Statement.setQueryTimeout() for subsequent executions using the same statement object
Bug,Major,derbynet/testProperties.java hangs
Bug,Minor,testSecMec.java fails with JCC 2.6 and JCC 2.8
Improvement,Minor,Add more tests for Statement.setQueryTimeout method
Improvement,Major,Deprecate scripts in frameworks directory
Bug,Minor,huge single insert statements fail with JVM error due to size of generated method
Bug,Major,Invoking Java stored procedure that contains GRANT or REVOKE statement with CONTAINS SQL should fail.
Bug,Major,Manifest file doesn't contain OSGi attributes
Bug,Major,The language and store systems treat a JVM error such as OutOfMemoryError differently leading to the raw store protocol violation errors
Bug,Major,derbynet/testSecMec.java fails with NullPointerException (intermittent failure)
Improvement,Major,Implement Bracketed SQL comments (/*...*/ comments)
Bug,Minor,derbynet/testSecMec.java fails with ShutdownException in DerbyNetClient framework
Bug,Major,XMLSERIALIZE operator doesn't follow SQL/XML spec in some areas when serializing a sequence.
Bug,Minor,remote server testing with 10.2 snapshot showed 8 failures
Bug,Minor,ERROR 42Z72: XML syntax error; missing keyword(s): 'AS'. - Misleading text
Improvement,Minor,The database owner is incorrectly referred to as dba in the code comments that were checked in Derby 10.2 for grant revoke work. We should clean this up at some point.
Bug,Major,Embedded ResultSet.getTimestamp on a TIME column returns a java.sql.Timestamp with a date portion that can be incorrect.
Bug,Minor,Client's ResultSet.getTime() on a SQL TIMESTAMP column loses the sub-second resolution and always has a milli-second value of zero.
Bug,Major,Access rule violations should use a SQL state starting with '42' according to the SQL standard.
Bug,Major,lang/procedureInTrigger.sql fails with wctme5.7 foundation with CNFE  java.sql.DriverManager and other exceptions.
Bug,Minor,sysinfo test fails with 'access denied (java.util.PropertyPermission java.class.path read)' when derbyclient.jar is first in classpath
Bug,Minor,Correct message SQL State 01006 to reflect that is being revoked - 'user' and update the Ref Manual
Bug,Major,jdbcapi/blobclob4BLOB.java fails with JCC drivers
Improvement,Major,Create a script that allows users to easily update their Derby jars with the JDBC4 classes.
Bug,Major,Tests lang/grantRevokeDDL.sql and lang/grantRevokeDDL2.sql fails on IBM WCTME 5.7 Foundation (jdkJ2ME Foundation Specification v1.0)
Bug,Major,Assert failure in sane mode for queries that used to work in 10.1.2.1
Bug,Minor,largeDataTests/LobLimits master needs update for new exception names
Bug,Trivial,The source distribution for 10.2.1.4 rc1 includes derby.log files
Bug,Minor,error 58009.C.19  refers to non-existent codepoint secktn - needs correcting
Bug,Major,SQLSTATE 42X10 occurs when qualifying a column with a synonym in ORDER BY clause
Bug,Major,10.2.1.5 source distribution is missing many files and includes some files that it should not.
Bug,Major,The scripts under the /bin of the distribution does not have the executable permission
Bug,Major,ALTER TABLE DROP COLUMN needs to update GRANTed column privileges
Improvement,Major,Bring STATUS file up to date
Bug,Trivial,readme.html under frameworks does not mention about Derby client and some minor typos in example.html
Improvement,Major,Add re-encrytion  of database test cases to the upgrade test..
Improvement,Minor,Make FOR EACH clause and MODE DB2SQL in CREATE TRIGGER statement optional
Improvement,Minor,Remove stale code from the statement classes in the client driver
Improvement,Trivial,improve XSDG3 error to print container  actual i/o operation  and file name.
Bug,Minor,Routine parameter names displayed by dblook are not escaped.
Bug,Major,Junit tests that require SQL authorization mode should use a different database to the default one.
Improvement,Minor,Add Order Entry application/system/performance test/toolkit
Improvement,Minor,Convert jdbc4/TestJDBC40Exception.java to JUnit
Improvement,Minor,Convert jdbc4/TestDbMetaData.java to JUnit
Bug,Minor,Misleading stack traces for exceptions raised by the JDBC 4.0 embedded driver
Improvement,Minor,Use a lower wait timeout in BlobClob4BlobTest
Bug,Minor,NullPointerException with LTRIM  RTRIM and 2-argument SUBSTR() call in GROUP BY clause.
Bug,Major,ArrayIndexOutOfBoundsException for COALESCE with aggregate functions
Bug,Minor,NullPointerException in CREATE VIEW ... VALUES NULL;
Bug,Minor,jdbcapi.LobStreamsTest runs only in client (not embedded) but its suite() method gives no reason why.
Bug,Minor,Setting a login timeout in client driver can lead to query timeout
Bug,Minor,'set schema sys' followed by 'show tables' does not show tables in sys schema
Improvement,Minor,provide checking tool to flag possible errors in message translations
Bug,Major,Setting derby.database.classpath to contain installed jars causes the database to be unbootable when a Securitymanager is installed.
Improvement,Minor,Make class org.apache.derby.iapi.store.raw.PageKey final
Bug,Major,TestDataSourceFactory doesn't work correctly outside the old harness
Bug,Major,LangScripts JUnit test fails in views.sql
Bug,Major,JDBC.assertRowInResultSet compares the wrong value if using trimmed strings and a SMALLINT column exists.
Improvement,Minor,Rewrite 'derbynet/SuicideOfStreaming' to a JUnit test
Bug,Minor,NullPointerException when two threads load sort factory concurrently
Bug,Major,store/BootAllTest.junit fails on wctme5.7 foundation  on 10.2
Bug,Minor,After a Lexical Error due to syntax error      even a simple create table does not work  on the same connection.
Improvement,Major,Implement SSL/TLS communication between client and server
Improvement,Trivial,Let Clock embed a HashMap rather than inherit from Hashtable
Bug,Trivial,Test files missing svn:eol-style
Bug,Major,Intermittent failure in lang/compressTable.sql
Improvement,Trivial,Change some boundary checks in ArrayInputStream to ASSERTs to improve performance
Improvement,Major,Add long running System test for Derby
Improvement,Minor,Replace Vectors and Hashtables with ArrayLists and HashMaps in RAMTransaction
Improvement,Minor,Reduce use of synchronized collections in GenericLanguageConnectionContext
Bug,Major,suites.All falls over with foundation after revision 482433; java.lang.NoClassFoundError: javax.xml.parsers.DocumentBuilderFactory
Bug,Trivial,message XSDB8 and 42Y32 have references to db2j
Bug,Major,Trigger recompilation problem when trigger action has its table not qualified with a schema
Bug,Major,Nested triggers not working properly after maximum trigger count exception is thrown
Improvement,Minor,Add performance tests to Derby using the junit perf framework
Bug,Minor,DROP PROCEDURE depends on SET SCHEMA
Improvement,Major,java/testing/README.htm needs to be updated with information on JUnit tests
Bug,Major,Uncommitted transactions executed throught XAResource will held locks after the application terminates (or crashes during the transaction).
Bug,Major,'show indexes in SCHEMANAME' does not work with the client driver
Improvement,Trivial,Let BasePage.fetchFieldFromSlot use the special single-col FetchDescriptor ctor
Improvement,Minor,Test harness should support J2ME 1.1
Bug,Minor,compatibilitytest fails after DERBY-2121 change.
Bug,Major,Assert during log file switch: log file position exceeded max log file size
Bug,Minor,DatabaseMetaData.getTypeInfo() does not list supported Derby SQL types correctly.
Bug,Minor,DatabaseMetaData.getTypeInfo returns incorrect MAXIMUM_SCALE value for DECIMAL and NUMERIC types
Bug,Minor,bad logic in jvm:guessWSHome() in old test harness affects j9 runs
Improvement,Minor,AccessControlException when exiting junit.swingui.TestRunner
Improvement,Minor,Add a generic utility tool to drive the Order Entry load phase.
Bug,Minor,Missing sql script: '/org/apache/derbyTesting/functionTests/tests/lang/altertableDropColumn.sql'
Bug,Minor,compatibility/testScript.xml should include 10.2.2 in the server/client combinations
Improvement,Minor,Convert compatibility/testScript.xml to JUnit
Bug,Major,org.apache.derbyTesting.functionTests.suites.All is extremely CPU intensive since ~svn 507489
Bug,Major,Accessing a BLOB column twice in an INSERT trigger leads to errors in the value on-disk
Bug,Major,Use of XML values in the action statement of a trigger throw exceptions.
Bug,Major,ORDER BY with expression with distinct in the select list returns incorrect result
Bug,Major,Unable to perform select query using DISTINCT on a read-only database
Improvement,Minor,Code cleanups for the org.apache.derby.impl.store.access.* packages
Bug,Trivial,Modify compatibility/testScript.xml to not run embedded/jvm1.3 case any more - not valid after r509863
Bug,Major,EXISTS may return the wrong value for sub-queries involving set operations
Bug,Major,Setting a default value for a VARCHAR column fails when column contains data
Bug,Major,ParameterMappingTest fails due to ArrayIndexOutOfBoundsException  executing a procedure
Bug,Minor,XAResource.end does not set the XA transaction state correctly when the XAException is thrown
Improvement,Major,Provide collation sensitive subclasses for SQLChar  SQLVarchar  SQLLongvarchar and SQLClob which will use the passed Collator to do the collation rather than the default collation of UCS_BASIC
Improvement,Minor,ejbql and floattypes in org.apache.derbyTesting.functionTests.tests.lang.LangScripts intermittently fails with 'expected: but was:<[-0.0]  '
Bug,Major,Clob.Position returning wrong value when operating on Reader
Bug,Minor,File stream is left open when an exception occurs while setting up a character stream for data export.
Bug,Major,org.apache.derby.impl.store.access.BackingStoreHashTableFromScan does not honor ResultSet holdability
Bug,Minor,'Invalid transaction state...' in jdbcapi.SetTransactionIsolationTest
Bug,Minor,DriverManager.getConnection leaks memory when connecting to a non-existent database
Improvement,Minor,Convert syscat.sql to junit
Improvement,Minor,Enhance Derby with EXPLAIN Functionality
Bug,Trivial,Batch scripts in bin/ report extraneous errors when DERBY_HOME is invalid
Bug,Major,Unclosed ResultSets choke JUnit lang _Suite on java 6
Bug,Minor,Network Client allows execution of callable statement when one of the parameters is not set
Improvement,Minor,Convert lang/grantRevokeDDL and grantRevokeDDL2 to JUnit
Bug,Major,Client does not return SQLException on XAConnection.getXAResource() on a closed connection  Embedded does
Improvement,Major,Make Locale available in DataValueFactory(DVF). This Locale object will be used to construct Collator object if the user has requested territory based collation.
Bug,Major,testVirtualMemoryHeap junit test fails with 'Virtual memory heap test failed! Got unexpected value. expected: but was:'
Bug,Major,Code paths for db restore do not use doPrivileged-calls  causing SecurityException
Bug,Major,Missing asserts in ProcedureInTriggerTest
Bug,Major,ContextService.notifyAllActiveThreads()  and network server code need a privileged block around the calls to Thread.interrupt()
Improvement,Major,Create a utility which generates Release Notes
Improvement,Minor,AssertFailure class should use JDK's built-in chaining of exceptions
Improvement,Major,At code generation time  look at collation type to determine what kind of DVD should get generated for character types.
Bug,Trivial,Wrong description of IndexName field in public JavaDoc for LockTable
Bug,Minor,TIMESTAMP value is truncated  when return to client
Improvement,Minor,Derby should print the parameters to failed statements to the derby.log when it logs the error
Bug,Trivial,DatabaseMetaData is not consistent about throwing SqlException when tablename=null
Bug,Trivial,Queries in metadata.properties allow tablepattern for JDBC methods that do not allow patterns
Bug,Major,upgrade test incorrectly tries to test in place compress in 10.0 release.
Bug,Major,intermittent network startup related errors in running junit nightly test suite
Improvement,Minor,Expose existing auto-generated key functionality through more JDBC APIs in embedded mode.
Bug,Trivial,upgrade tests fail through BlobStoredProcedureTest and ClobStoredProcedureTest with JSR169
Improvement,Minor,Convert lang/dynamicLikeOptimization.sql to JUnit
Bug,Major,upgrade test failures with weme 6.1.
Improvement,Major,Convert jdbcapi/parameterMetaDataJdbc30.java to JUnit
Bug,Major,Errors/messages early in starting the network server through NetworkServerControl.start() are not reported to the PrintWriter passed into start().
Improvement,Major,performance of like in territory based collation databases may be improved by changing way collation elements are calculated.
Bug,Major,If large clob is updated after Reader. the reader continues to point to old data
Bug,Major,Ensure that a temporary file is not created for a lob obtained from resultset unless user updates it.
Improvement,Major,Implement not implemented Embedded methods Blob.getBinaryStream(long pos  long length) and Clob. getCharacterStream(long pos  long length)
Bug,Major,LIKE parameter marker combined with index multi-probing leads to ASSERT failure with sane jars  wrong results with insane jars.
Bug,Minor,jdbcapi/metadata.java and jdbcapi/odbc_metadata.java fail because of new procedure SYSCS_UTIL SYSCS_GET_USER_ACCESS
Bug,Minor,testLoadJavaClassIndirectly & als fails on JVM 1.4 with 'Unexpected SQL state. expected: but was:'  'Jar file 'MY_JAVA' already exists in Schema 'EMC''
Bug,Minor,org.apache.derby.impl.drda.DDMWriter might swallow unexpected exceptions
Bug,Major,Client connections should not fail if permission is not granted to read derby.client.traceLevel  and derby.client.traceDirectory
Bug,Minor,testBlobAfterCommit(....jdbcapi.BlobClob4BlobTest) fails with 'Unexpected SQL state. expected: but was:'
Bug,Minor,ij 'describe' built in command cannot describe a table named 'run'
Bug,Major,make entry for clob in connection so that temporary file is removed when a connection is closed or transaction is commited/rolledback
Bug,Major,DatabaseMetaData .locatorsUpdateCopy() should return true
Bug,Major,Obscure error messages when using SSL in various combinations
Bug,Minor,ASSERT failure with sane build if DISTINCT and ORDER BY are present in a query that selects from a diagnostic table function.
Bug,Major,calling getByteLength on org.apache.derby.impl.jdbc.StoreStreamClob makes BinaryStream  fetched before this call  unusable
Bug,Major,Assessing blob (when its linked to DVD stream  ie large blob) corrupts stream fetched prior to this access.
Bug,Minor,ij doesn't start with J2ME / JSR169 / weme6.1 because attempting to find java.sql.Driver if ij.protocol property is specified
Bug,Minor,Error messages for deadlocks contain less information than in 10.2
Improvement,Major,Rewrite ClobUpdatableReader constructors
Improvement,Minor,Improve error reporting  fix whitespace/formatting issues and replace tabs in UTF8Reader
Improvement,Trivial,Rename ClobStreamControl to TemporaryClob
Bug,Major,ParameterMetaDataJdbc30 fails for weme6.1  which prevents rest of suites.All from completing.
Bug,Trivial,BUILDING.txt doesn't mention junit.jar in list of jars installed in tools/java
Bug,Minor,iepnegativetests_ES.sql fails: new canon needed?
Bug,Major,NetworkServer not accepting connections with default security manager on Ipv6 machines
Bug,Critical,CREATE TABLE AS  does not maintain the collation for character types.
Bug,Major,Wrong connection object used in EmbedConnection.clearLOBMapping()
Bug,Critical,Closing a resultset after retrieving a large > 32665 bytes value with Network Server does not release locks
Bug,Major,INSERT and UPDATES succeed when permission has not been granted.
Bug,Minor,AS IDENTITY (START WITH -9223372036854775808) fails
Bug,Major,SimpleStringOperatorNode in it's bindExpression method generates a character string CAST if required but does not set the correct collation.
Improvement,Minor,Implement a buffer manager using java.util.concurrent classes
Bug,Minor,DDMReader.readLengthAndCodePoint() decodes long integer incorrectly
Bug,Major,ERROR 22011: The second or third argument of the SUBSTR function is out of range   with data concatenation in group by query.
Bug,Major,In soft upgrade mode  the metadata queries do not get compiled in SYS schema. This will cause problems in future releases of Derby.
Bug,Major,BatchUpdateTest.testAssociatedParams test fails with collation with exception: Java exception: 'ASSERT FAILED type of inserted column[0] = org.apache.derby.iapi.types.CollatorSQLChartype of template column[0] = org.apache.derby.iapi.types.SQLChar:
Bug,Major,ERROR 42ZA2 creating table with check constraint with literal comparison
Bug,Major,TriggerTest.testTypesINActionStatement fails with 'ASSERT FAILED col1.getClass() (class org.apache.derby.iapi.types.SQLClob) expected to be the same as col2.getClass() (class org.apache.derby.iapi.types.CollatorSQLClob)
Bug,Critical,rs.moveToInsertRow() causes loss of connection with TERRITORY_BASED collation.
Improvement,Major,Convert jdbcapi/prepStamtNull.java to JUnit
Bug,Major,The ResultSet returned by DatabaseMetaData.getFunctions() does not contain a required column named FUNCTION_TYPE.
Bug,Major,Query involving CASE statement significantly slower in 10.3.1.4 than in 10.2.2.0
Bug,Major,Insert into table with constraints fails if the table name is 'indicator' (or any other SQL keyword)
Bug,Major,Index split deadlock
Bug,Major,getBinaryStream returns incorrect result (truncated value) if underlying blob is deleted
Bug,Major,iepnegativetests_ES.diff fails with J2ME Foundation
Improvement,Major,convert lang/lockTable.sql to Junit
Bug,Major,CollationTest fails with 'Unexpected row count: expected: but was:' when Xalan 2.7 jars are in classpath
Bug,Major,java.lang.ClassCastException returning null from a case statement  in subquery
Bug,Major,select query results in nullpointer exception in skipScan()
Bug,Major,'Schema  does not exist' when constraint used in table definition
Bug,Major,lang/synonym.sql fails with weme 6.1 with junit.framework.ComparisonFailure: Output at line 383 expected: but was:
Bug,Major,testImportExportProcedureNegative(org.apache.derbyTesting.functionTests.tests.tools.ImportExportProcedureTest)junit.framework.ComparisonFailure: Unexpected SQL state. expected: but was:
Improvement,Major,Derby does not resolve functions bound to methods with varargs.
Bug,Major,Trying to reconnect with derby client after bringing server down throws SQL Exception 58009 rather than 08XXX exception
Improvement,Major,Use java.util.concurrent in TransactionTable to improve scalability
Bug,Major,Intermittent transaction failure caused by internal duplicate savepoint name for triggers
Bug,Major,LOB locks are not released after free().
Bug,Major,java.lang.NumberFormatException in test lang.TableFunctionTest on specific machines (Win2003  Vista)
Bug,Minor,On client  Clob.free() does not release locators.
Bug,Minor,totalSpace not properly initialized in AllocPage
Improvement,Major,Adjust master build script to require the Java 5 compiler to build Derby
Improvement,Major,Cut down on object creations in LIKE clause implementation of territory based characters.
Bug,Minor,ComparisonFailure in synonym(org.apache.derbyTesting.functionTests.tests.lang.LangScripts)
Bug,Major,IllegalArgumentException: Malformed /uxxxx encoding while trying to find Xalan version running tests via ant
Improvement,Minor,Reduce dependency on NetworkServerControl in TestConfiguration
Bug,Major,AccessControlException when running junit tests under the ant harness in ant 1.7.0
Bug,Minor,SYSCS_GET_USER_ACCESS incorrectly treats the passed in user name as a SQL identifier and thus can reports the wrong user information
Improvement,Trivial,Updating Building.txt
Bug,Minor,NetworkServerControlApiTest fails with java.security.AccessControlException if not run as first test
Bug,Major,NullPointerException on INSERT after ALTER TABLE ... DROP COLUMN
Bug,Major,DataSourceTest uses ConnectionEventListener but never verifies that events are getting fired
Improvement,Major,New simple demo suitable for supported Java ME platforms
Bug,Trivial,LOCALIZEDDISPLAY of CURRENT_TIMESTAMP returns only the TIME
Bug,Major,Using setQueryTimeout will leak sections
Bug,Major,'AccessControlException: access denied (java.io.FilePermission C:/..../file-2.log read)' in ErrorStreamTest.
Bug,Minor,Optimizer can see negative cost estimates when pulling Optimizables from the join order.
Bug,Major,ErrorStreamTest failing on ibm j9 jvm
Bug,Major,Group by query with many aggregate columns and case statements fails with: ERROR XSDA7: Restore of a serializable or SQLData object of class   attempted to read more data than was originally stored
Bug,Major,'java.sql.SQLException: The conglomerate (-5) requested does not exist.' from Derby 10.3.1.4 embedded within Eclipse 3.3 and RAD 7.0
Bug,Major,'CollationTest' fails with ' expected: but was:' in testPolishCollation(CollationTest.java:402)
Bug,Major,testSysinfoLocale fails if derbyTools.jar is first in the classpath
Bug,Critical,Selecting data from a Table raises Error XN008: Query processing has been terminated due to an error on the server
Bug,Major,NullPointerException in ....B2IRowLocking3.searchLeftAndLockPreviousKey
Improvement,Trivial,Minor cleanup in the Derby JUnit classes
Bug,Major,NullPointer Exception (NPE) from query with IN predicate containing two values and joining a view with a large table.  ERROR 38000: The exception 'java.lang.NullPointerException' was thrown while evaluating an expression.
Bug,Blocker,NullPointerException caused by race condition in GenericActivationHolder
Bug,Major,Not possible for non-db-owner to create a temporary table. 'Get ERROR 42507: User 'USERB' can not perform the operation in schema 'SESSION'.'
Bug,Minor,Delayed (on-demand) creation of current user schema makes select from view belonging to other schema fail.
Bug,Major,Derby 10.3.X ignores ORDER BY DESC when target column has an index and is used in an OR clause or an IN list.
Bug,Minor,Uniqueness violation error (23505) occurs after dropping a PK constraint if there exists a foreign key on the same columns.
Bug,Major,Incorrect result from query with nested EXIST
Bug,Critical,NullPointerException during recovery of database with territory-based collation
Bug,Blocker,ArrayIndexOutOfBoundsException at MergeSort.compare
Bug,Major,Explicit commit inside a java procedure makes a dynamic result sets passed out unavailable
Bug,Minor,Embedded ResultSet.getStatement() returns incorrect reference for dynamic result sets
Bug,Minor,Client ResultSet.getHoldabilty will return incorrect value when the ResultSet is obtained from a procedure call
Bug,Major,Leak in client if ResultSet not closed
Bug,Major,Logical connections do not check if a transaction is active on close
Bug,Major,Database creation and boot should fail if collation=TERRITORY_BASED and the selected locale is not supported
Improvement,Major,provide support for unique constraint over keys that include one or more nullable columns.
Bug,Major,jdbcapi/derbyStress.java no longer runs with low memory heap so does not provide testing for leak scenarios
Improvement,Major,Nested WHERE EXISTS queries need improved testing
Bug,Major,Invalid method java.lang.Integer >> void (short) because java.lang.NoSuchMethodException: java.lang.Integer.(short)
Bug,Major,Replication failover implementation must be modified to fail at the master after slave has been stopped
Bug,Minor,Various formatting erros in L10N property files
Improvement,Trivial,Adjust demos build.xml to avoid re-compiling SimpleApp and SimpleMobileApp
Bug,Minor,Test case in GrantRevokeDDLTest looks to be accidentally commented out...
Bug,Major,Replication: Slave must inform master if DBs are out of sync.
Bug,Minor,The -ca option should be removed from ij and from the ij command usage line
Bug,Minor,Inconsistency in JDBC autogen APIs between Connection.prepareStatement(...) and Statement.execute(...)
Bug,Minor,DatabaseMetaData.getConnection returns the wrong connection when using connection pooling
Improvement,Major,Register a network port for replication
Bug,Minor,Allow SQL query text to be null in StatementKey
Bug,Major,Move replication methods from org.apache.derby.database.Database to org.apache.derby.iapi.db.Database
Bug,Minor,Simple column names specified as part of 'AS' clause in a table expression are ignored if the table expression is a view.
Bug,Major,Changed/unexpected query plan when running test 'lang/predicatePushdown.sql'
Bug,Major,Error message XRE04 does not include the right port number.
Bug,Major,When the replication log buffer becomes full  the chunk of log that should be appended is to the buffer is discarded
Improvement,Minor,Move the setup of NormalizeResultSetNode into the NormalizeResultSetNode
Bug,Minor,CallableStatement with output parameter leaves cursor open after execution
Bug,Major,OOME at slave during replication
Improvement,Major,startNetworkServer and stopNetworkServer don't pass arguments
Bug,Minor,The replication log shipper is not notified when a new replication transmitter is instantiated in MC#handleException.
Bug,Minor,specialCollation() and noSpecialCollation() in TableFunctionTest fail with weme6.1.
Bug,Minor,NullPointerException during execution for query with LEFT OUTER JOIN whose inner table selects all constants.
Bug,Major,If NetworkServer fails to shutdown when run as a separate process by NetworkServerTestSetup  test run will hang
Bug,Major,Unable to start slave mode after authentication failure on a previous startSlave attempt
Improvement,Minor,Change Collation test to run DatabaseMetaDataTest  BatchUpdateTest GroupByExpressionTest  and UpdateableResultSetTest for only one locale
Bug,Major,regression test failure in testDerbyJarAttributeAlpha - Security Exception
Bug,Minor,Alter column set data type not allowed in soft upgrade with unique constraint
Bug,Major,LOB locators are not released if the LOB columns are not accessed by the client
Improvement,Trivial,Remove unused method Connection.resetConnection(LogWriter  String  Properties)
Bug,Major,Changing certain properties on client DataSource objects causes existing connections to reflect the new values
Improvement,Trivial,"Remove am.Connection.reset(LogWriter,ClientBaseDataSource,boolean) and called methods"
Bug,Major,suites.All fails to run on Jvm 1.5 when built with JDK 1.5 (Failed to invoke suite(): .jdbc4._Suite)
Bug,Major,TableFunctionTest.SpecialCollation and NoSpecialCollation fail with IBM iseries in checkGetXXXCalls
Bug,Major,Creation of logical connections from a pooled connection causes resource leak on the server
Bug,Major,'IN' clause ignores valid results  incorrect qualifier handling suspected
Bug,Major,SELECT DISTINCT field FROM TABLE_NAME GROUP BY field   field2
Bug,Minor,TableFunctionTest fails under Ubuntu 7.10
Bug,Major,testfailure in storetests/st_derby715 with ibm 1.5 on iseries machine; one deadlock message missing
Bug,Major,Cannot use row_number() in ORDER BY clause
Bug,Major,Derby does not follow the SQL Standard when trying to map SQL routines to Java methods.
Bug,Major,errror in nightly regression test: LobStreamsTest:encryptedjunit.framework.AssertionFailedError: f:/jartest/JarResults.2008-04-29/ibm16_suites.All/system/singleUse/oneuse1e/tmp/lob6165.tmp
Bug,Major,Comment in template security policy incorrectly says that JMX is not enabled by default
Bug,Minor,LOBStateTracker should not use SYSIBM.CLOBRELEASELOCATOR when the database is soft-upgraded from 10.2
Bug,Minor,'ALTER TABLE' is not allowed on the System table ''SYSCS_DIAG'.'TRANSACTION_TABLE'' in derbyall - store/TransactionTable.sql
Bug,Minor,SYSCS_BULK_INSERT doesn't quote identifiers or strings properly
Bug,Minor,NullPointerException when invoking statement event listeners if one of the listeners is null
Bug,Minor,If an IOException is encountered during establishment of the connection  Network Server should print the root exception to the console instead of a generic message
Bug,Minor,In Net Client mode  negative values for stream length are accepted without an exception for PreparedStatement.setAsciiStream()
Bug,Minor,setting tracedirectory from the command line does not work
Bug,Major,NPE when firing a trigger
Bug,Major,'...replication.buffer.LogBufferFullException' causes failover to fail w/ 'XRE07  SQLERRMC: Could not perform operation because the database is not in replication master mode.'
Improvement,Minor,Don't call RAFContainer.padFile() from instances of RAFContainer4
Improvement,Minor,Improve error information reported when encountering 'ERROR XSDB3: Container information cannot change once written: was 103  now 80'
Bug,Minor,Fix error handling in PrivilegedFileOpsForTests
Bug,Minor,Improve calculation of refSize in ClassSize.java
Improvement,Minor,SQL Length function materializes BLOB  into memory
Bug,Minor,Incorrect position calculation in PositionedStoreStream with read(byte[] ...)
Bug,Major,Revoking a column level privilege from a user  a prepared statement relying on that privilege can still be executed
Improvement,Minor,Add more tests for legal/illegal commands in the different replication states
Improvement,Major,Revoking EXECUTE privilege on a function if used in a CHECK constraint: implementation problem
Bug,Major,Derby can leak classloaders in an app server environment
Improvement,Trivial,Rename BaseJDBCTestCase.usingDerbyNet
Improvement,Minor,Create a utility class for skipping data in an InputStream
Bug,Major,ImportExportLobTest failed on Zos  Clobs differ at index 1 expected: but was:
Bug,Major,jdbc4/ClobTest fails on Zos with AssertionFailedError: Streams differ at index 0 expected: but was:
Bug,Minor,SecureServerTest  SSLTest are failed on Zos with exit code 143 starting network server
Bug,Minor,PositionedStoreStream.reposition(pos) with pos greater than length leaves the stream object in an inconsistent state
Bug,Minor,Client Configuration.java imports engine class  org.apache.derby.iapi.services.info.JVMInfo
Improvement,Minor,LOBStreamControl shouldn't throw SQLException
Bug,Minor,ImportExportTest doesn't detect lack of expected errors
Bug,Major,NullPointerException when accessing a clob through a pooled connection
Improvement,Major,Add a SHOW FUNCTIONS command to ij
Bug,Major,NullPointerException in stress.multi test
Bug,Major,StoreStreamClob.getReader(charPos) performs poorly
Improvement,Minor,Convert derbynet/sysinfo and derbynet/sysinfo_with_properties to JUnit
Improvement,Minor,need to test getting appropriate error message when os files are read-only
Bug,Major,The test code executes java processes by just executing java instead of using a full path. This may cause the wrong java to be picked up.
Improvement,Minor,Behaviour of setTypeMap() differs between embedded and client
Bug,Major,difference between Embedded vs DerbyNetClient in format of return from timestamp(cast(? as varchar(32)))
Bug,Minor,tools/ide is not included in the source tarball
Bug,Major,NPE in testSemantics(.....lang.RolesTest) on JavaME / CVM
Bug,Major,intermittent hang pinging  server on Linux
Bug,Major,Concurrent Inserts of rows with XML data results in an exception
Bug,Major,Replication: stopSlave does not close serversocket when master has crashed.
Bug,Minor,LOBStreamControl.replaceBytes() leaves temporary files open
Bug,Critical,Embedded Derby fails under JBoss because of JMX-related conflicts
Bug,Major,LOBStreamControl.truncate() doesn't delete temporary files
Bug,Major,SQLSessionContext not correctly initialized in some non-method call nested contexts
Bug,Minor,Blob.setBytes differs between embedded and client driver when the specified length is invalid
Bug,Major,some messages are referenced but never used - MessageBundleTest output
Improvement,Minor,Failed tests should save the database off to the fail directory
Bug,Trivial,mismatch between error XCL30 and 22003.S.4 and parameters in usage
Bug,Major,testMetaDataQueryRunInSYScompilationSchema(.....upgradeTests.Changes10_4) fails on CVM/phoneME
Bug,Major,Incorrect ORDER BY caused by index
Bug,Major,GeneratedColumnsTest fails with ''F_MINUS' is not recognized as a function or procedure.' on cvm/phoneME
Improvement,Major,Add tests of generated columns when sql authorization is turned on
Improvement,Major,Improve performance of reading modified Clobs
Bug,Major,Generation clauses which mention user-coded functions may produce different resuls depending on who performs the triggering INSERT/UPDATE
Bug,Major,Cannot insert 994 character long string into indexed column
Bug,Major,Don't allow references to generated columns in the NEW transition variables of triggered actions of BEFORE triggers
Bug,Minor,PositionedStoreStream doesn't initialize itself properly
Bug,Major,Clob.truncate(long) in the client driver doesn't update the cached Clob length
Improvement,Minor,Add a facility to override the default set of old versions to be tested in the upgrade tests.
Bug,Minor,ResultSetStreamTest fails on case sensitive file systems  and isn't run as part of any suite
Bug,Minor,With IBM 1.6 T_RawStoreFactory fails with There should be 0 observers  but we still have 1 observers on Win 2K
Bug,Major,ORDER BY causes column to be returned
Bug,Major,ALTER COLUMN ... WITH DEFAULT NULL does not change the default
Bug,Major,ArrayIndexOutOfBoundsException in TopService.inService under heavy multithreaded use of EmbeddedDriver
Improvement,Major,Remove dependency of junit targets on deprecated jdk16 variable
Improvement,Minor,Improve length caching in TemporaryClob
Improvement,Major,Replace felix.jar file with the felix sources
Bug,Blocker,An attempt was made to access an out of range slot on a page
Bug,Minor,On Z/OS store/access.sql fails with encryptionAES and encryptionDES
Bug,Major,org.apache.derby.impl.load.Import needs to escape single quotes
Improvement,Trivial,Use helper methods from IdUtil to quote SQL identifiers in EmbedResultSet
Bug,Major,Multithreaded clob update causes growth in table that does not get reclaimed
Bug,Major,InputStream returned from Blob.getBinaryStream(long  long) terminates the stream by returning 0  should return -1
Bug,Major,ClientConnectionPoolDataSource.getPooledConnection and ClientXADataSource.getXAConnection ignore connection attributes
Bug,Minor,shutdown with incorrect permission on log files shows java.lang.NullPointerException  at org.apache.derby.impl.store.raw.log.LogToFile.flush(LogToFile.java:3964).  Should give bettter message.
Bug,Major,BTreeController.comparePreviousRecord() may fail to release latch on left-most leaf
Bug,Minor,BTreeScan.delete() throws AM_RECORD_NOT_FOUND if record is found
Improvement,Major,It should be possible to run unit tests right after 'ant all'
Bug,Major,Trigger  fails with ERROR 38000: The exception 'java.sql.SQLException: ResultSet not open  during VTIResultSet.getNextRowCore()
Bug,Minor,'testMixedInsertDelete(org.apache.derbyTesting.functionTests.tests.lang.NullableUniqueConstraintTest)org.apache.derby.client.am.BatchUpdateException'
Improvement,Major,Provide a way to drop statistics information
Bug,Major,SYSCS_UTIL.SYSCS_UPDATE_STATISTICS should update the store estimated row count for the table
Bug,Major,derbyclient.jar is not a complete OSGi bundle
Bug,Critical,The in-memory storage back end doesn't work on Windows
Bug,Minor,'testTableFunctionInJar' fails w/ 'The class 'DummyVTI' does not exist or is inaccessible...' on jvm1.4
Bug,Major,java.lang.VerifyError causing java.sql.SQLException: Cannot create an instance of generated class ... in lang.GeneratedColumnsTest and GeneratedColumnsPermsTest  on IBM iseries
Bug,Minor,NullPointerException in system.sttest run with 10.5.1.0
Improvement,Major,Create a test to verify that virgin metadata is identical to hard-upgraded metadata
Improvement,Minor,improvements to the mailjdbc test
Bug,Minor,'No method was found that matched the method call ....' in testPayment and testSubmitter (org.apache.derbyTesting.system.oe.test.OperationsTester) on 10.5.1.1 (RC2)
Bug,Major,Connections to on-disk db go to in-memory db if in-memory db with same name is booted
Improvement,Minor,Javadoc for BTreeLockingPolicy should not mention 'scan lock' anymore
Bug,Major,bootLock.java fails with missing exception on z/OS with  pmz3160sr2ifix-20081021_01(SR2+IZ32776+IZ33456)  and Windows Vista
Improvement,Minor,Convert altertable.sql to JUnit
Bug,Major,When using the FOR UPDATE OF clause with SUR (Scroll-insensive updatable result sets)  the updateRow() method crashes
Bug,Minor,SecureServerTest AssertionFailedError: Timed out waiting for network server to start
Bug,Major,'Table/View 'MAX_SCAN' does not exist' in org.apache.derbyTesting.functionTests.tests.store.IndexSplitDeadlockTest
Improvement,Minor,Remove unused pre-i18n constructors in BatchUpdateException
Bug,Major,XAResource.setTransactionTimeout() makes XAResource.start() fail with the client driver
Improvement,Minor,Improve transition from read-only to writable Clob representation
Improvement,Minor,convert checkConstraint.sql to JUnit
Bug,Minor,PropertySetter isn't able to recognize JDK without version number in path
Bug,Major,A lock could not be obtained within the time requested error in testBTreeForwardScan_fetchRows_resumeAfterWait_nonUnique_split
Bug,Major,SYSCS_UPDATE_STATISTICS takes unnecessary table lock
Bug,Minor,Update demo's to remove references to com.ibm.db2.jcc.DB2Driver
Bug,Minor,10.6 Upgrade test fails: SYSCS_UTIL.SYSCS_SET_XPLAIN_SCHEMA is not recognized as a function
Bug,Major,All Columns become Nullable when Using left join
Bug,Major,creation of FileInputStream in org.apache.derby.impl.tools.ij.Main not wrapped in privilege  block which can cause problems running under SecurityManager
Improvement,Major,Mutable public static variables
Bug,Minor,'compilation time did not compute (0 0 0 0) expected: but was:' in testGroupBySortProps(....tests.lang.XplainStatisticsTest)
Bug,Major,SQLException XJ215 on insert  with setCharacterStream() and autocommit off in mailjdbc test
Improvement,Minor,With derby client setTransactionIsolation executes and commits even if isolation has not changed
Bug,Major,Attempt to reuse streams in client on insert gives protocol exception and inserts wrong data
Bug,Major,hang in suites.all with ibm 1.5 on AIX after ttestDefaultProperties
Improvement,Minor,test nstest generates errors XBM06 re reencryption and 22003 re value outside range for decimal/numeric
Bug,Major,hang on winvista with IBM 1.6 SR5 in NSSecurityMechanismTest
Bug,Major,SQLSTATE 38000 (NullPointerException) at inner self join and value(x1  x2...)
Bug,Minor,ASSERT FAILED calling setTransactionIsolation checking isolation_ == level   on  pooled connection
Bug,Critical,Copy table content with 'INSERT INTO table SELECT FROM (...)' statement leads to corrupt data
Improvement,Major,Implement CROSS JOIN
Improvement,Major,TableFunctions provide no information to limit underlying query
Bug,Major,NullPointerException when preparing LEFT OUTER JOIN between VALUES statements
Improvement,Trivial,Replace Utils.min and Utils.max in the client driver with standard methods in java.lang.Math
Bug,Critical,Wrong result for simple join when index is created
Bug,Trivial,JavaDoc warnings in several classes in impl/sql/execute/rts
Bug,Major,Infinite loop in PredicateList.joinClauseTransitiveClosure()
Bug,Major,NullPointerException in RIGHT JOIN with NOT BETWEEN
Bug,Major,NullPointerException when comparing indexed column with result from a set operation
Improvement,Minor,Transformation to inner join not performed for certain three-way joins
Bug,Major,NullPointerException when USING clause contains all columns in both join tables
Bug,Major,Scalar subquery erroneously rejected for not returning exactly one row
Improvement,Trivial,Make getNegation() abstract in BinaryComparisonOperatorNode and UnaryComparisonOperatorNode
Bug,Major,NullPointerException with JOIN...USING and invalid table name in select list
Improvement,Major,Add proper delete mechanism for in-memory databases
Bug,Major,Memory leak when attempting to boot non-existing database with the in-memory back end
Bug,Minor,'Table/View 'T1' already exists in Schema 'APP'' in lang.DropTableTest on phoneME/cvm
Bug,Major,Evaluation of default value and identity in an INSERT result set evaluated too early.
Bug,Major,Wrap rollback in exception handlers in try-catch
Bug,Major,Prepared statement failure with CLOB: Stream has already been read and end-of-file reached and cannot be re-used.
Bug,Major,Forbid ordering operations on UDTs
Improvement,Trivial,Use helper methods from IdUtil instead of TupleDescriptor.quoteProtectName()
Bug,Major,Selecting / projecting a column whose value is represented by a stream more than once fails
Improvement,Minor,Use AtomicLong for XactFactory.tranId
Improvement,Major,Add import/export support for UDTs.
Bug,Major,Nullpointer when performing INSERT INTO
Bug,Major,Column list size mismatch with ORDER BY in INSERT statement
Bug,Major,j2ME test failures relating to runtimeStatisticsParser
Improvement,Minor,Document and clarify the use of DataValueDescriptor.setValue(InputStream int)
Improvement,Major,Refactor and extend data type cloning facilities
Improvement,Minor,If the CREATE TRIGGER does not have the REFERENCING clause  then there is no need to keep before and after values for the triggering table
Bug,Minor,Make it possible to put the optional clauses of a CREATE SEQUENCE statement in the arbitrary order allowed by the SQL Standard
Improvement,Minor,Avoid materialization where possible when cloning CollatorSQLClob
Bug,Major,test_11_tableFunctionColumns fails with weme (J2ME) with 'java.lang.NoClassDefFoundError: java.sql.DriverManager'
Improvement,Major,would like an alternative location for ant.properties
Bug,Major,NPE in JBitSet
Improvement,Major,Allow database user to execute stored procedures with same permissions as database owner and/or routine definer
Improvement,Minor,Remove lang/scrollCursors1.sql
Bug,Blocker,Complation of prepared statement results in Syntax Error
Bug,Major,failures in ij2 test with cdc/foundation (ibm's weme 6.2)
Bug,Major,Cannot use dblook on soft-upgraded database: Table/View 'SYS.SYSSEQUENCES' does not exist.
Improvement,Major,Corrupted database prevents startup and should be automatically repaired perhaps
Bug,Major,10 failures and 11 errors with IBM weme6.2/j9/cdc-foundation after revision 922304 for DERBY-4483
Bug,Major,test testBuiltinAuthenticationWithConfigurableHash fails from upgradeTests.Changes10_6 with ibm's j9
Bug,Minor,PropertySetter fails due to an empty jre/lib directory
Bug,Major,Invalid conversion from Timestamp to String when calling setTimestamp() with Calendar
Bug,Minor,Broken logic for avoiding testing across midnight in TimestampArithTest
Improvement,Minor,Expose names of top-level test suites for easier scripting
Bug,Minor,BaseTestCase.execJavaCmd() does not work with weme 6.2
Bug,Minor,Hidden assumptions in FromVTI.makeRestriction()
Improvement,Minor,Reduce size of encoding buffer for short character values
Improvement,Major,Write a regression test to verify the behavior of ResultSet.getBoolean()
Bug,Major,Unidiomatic error handling in TimestampArithTest
Improvement,Minor,Dead/unreachable code in OpenConglomerate.lockPositionForWrite()
Bug,Minor,Too few arguments when generating AM_RECORD_NOT_FOUND error
Bug,Major,Unions between BOOLEAN and non-BOOLEAN datatypes should be rejected
Bug,Minor,column rename looses 'identity' attribute.
Improvement,Minor,Internal assignment of tablenumer  columnnumber looks wrong in query tree  although no ill effects are seen.
Improvement,Minor,Add method to obtain a bogus port in TestConfiguration
Bug,Minor,Complex nested joins problems
Improvement,Major,Enable BOOLEAN typed columns
Improvement,Trivial,add more information to the XACT_PROTOCOL_VIOLATION returned from store.
Bug,Major,StringIndexOutOfBoundsException on syntax error (invalid COMMIT)
Bug,Minor,CheapDateFormatter returns incorrect and invalid date strings
Bug,Major,DERBY-4601 added a new message to derby.log during engine shutdown and it changed the database shutdown message. Need to update docs with that information
Bug,Major,test failure in derbynet/testProtocol.java with ibm jvms
Bug,Major,Files with missing ASF license headers
Bug,Major,NPE while inserting into a table which has a generated column and an insert trigger
Bug,Major,Missing escape for apostrophes in many messages
Bug,Major,Sequences do not work in INSERT/SELECT
Bug,Minor,setTimestamp() methods don't agree on trailing zeros
Bug,Major,ReplicationMessageTransmit run does not unwrap PrivilegedActionException which can lead to failure of replicationTests.ReplicationRun_Local_StateTest_part1_1
Bug,Major,Override mechanism for modules.properties works backwards
Bug,Minor,Errors should be displayed if using wrong CLASSPATH to make documentation target for release
Bug,Minor,Re-compilation may cause duplicate entries in the XPLAIN table
Bug,Minor,Missing doPrivileged in DatabaseClasses.WriteClassFile()
Improvement,Trivial,Simplify SYSCS_BULK_INSERT with IdUtil.mkQualifiedName()
Bug,Major,NullPointerException in testBoundaries with ibm jvm 1.6
Improvement,Minor,Unchecked warnings in JMXManagementService and VTI demos
Bug,Major,ClassCastException when calling boolean meta-data functions with 10.7 client against 10.6 server
Bug,Minor,Thread local TableDescriptor#referencedColumnMap is not removed from app threads when Derby is shut down
Improvement,Minor,Refactor access to primary structures in AlterTableConstantAction
Bug,Minor,EmbeddedXADataSource with ;create=true attribute set in setDatabaseName fails with java.sql.SQLException: Database not available
Bug,Major,Four replication tests fail on z/OS with junit.framework.AssertionFailedError: startMaster did not succeed.
Bug,Major,restoreIntrFlagIfSeen may throw ShutdownException causing confusing console stack trace at server shutdown
Bug,Major,Instability in Derby2017LayerBTest
Bug,Major,test failure in OSReadOnlyTest in assertDirectoryDeleted
Bug,Major,suites.All stuck in RAFContainer4.awaitRestoreChannel()
Bug,Minor,Embedded Derby does not start when derby.jar is dynamically uploaded / added to the classpath
Bug,Major,Backward  confusing error message when you use the wrong ResultSet.getXXX() method in the client driver
Bug,Major,AccessControlException when running AssertFailureTest from Ant
Bug,Major,Race condition in FileContainer#allocCache when reopening RAFContainer after interrupt
Bug,Major,Replication tests lose derby.log for slave
Bug,Major,Retrying after interrupts in store pops a bug in derbyall/storeall/storeunit/T_RawStoreFactory in some cases
Bug,Major,failure in jdbcapi.StatementJdbc20Test:testCompletionClosure_jdbc4_1 with j9 (j2ME/CDC)
Bug,Major,ALTER TABLE DROP COLUMN may leave triggers invalid even if they are not using the column getting dropped.
Bug,Major,BootLockTest can fail with ERROR XCY03: Required property 'derby.serviceProtocol' has not been set  with slow configurations
Improvement,Major,Release notes should specify which Java version is needed to run Derby
Bug,Minor,Intermittent bug in InterruptResilienceTest
Bug,Trivial,[patch] fix npe in error condition
Bug,Trivial,[patch] Client driver lexer to determine statement type: fix bad attempt at incrementing a variable
Improvement,Trivial,[patch] remove erroneous throws clauses on non derivable methods that don't throw
Bug,Minor,[patch] override equals correctly
Bug,Minor,Cannot find Ant libraries when building from NetBeans
Bug,Major,UpdateStatisticsTest fails after we enabled the automatic calculation of index statistics.
Bug,Trivial,[patch] derived InternalXact attempts (and fails) to override a method from base
Improvement,Trivial,[patch] System.arraycopy  being native  is more performant
Bug,Minor,[patch] bad field masking makes non functional rowsInput evaluation
Bug,Major,ResultSet.updateBoolean() on new BOOLEAN type throws exception
Bug,Major,Assert failures in UpdateStatisticsTest
Bug,Minor,Intermittent assert failure in AutomaticIndexStatisticsTest.testStatisticsCorrectness
Bug,Trivial,[patch] Bad name collision causes non functional method
Improvement,Trivial,[patch] reduce superfluous boxing histrionics
Bug,Major,Embedded driver allows updateBytes() on BOOLEAN column
Improvement,Trivial,[patch] remove unused fetching of data dictionary
Improvement,Trivial,[patch] use string buffers when building strings in loops
Bug,Minor,test failure(s) with IBM 1.4.2 in store.InterruptResilienceTest.testRAFWriteInterrupted: java.sql.SQLException: The exception 'junit.framework.AssertionFailedError: interrupt flag lost' was thrown while evaluating an expression.
Improvement,Trivial,[patch] move instanceof check up above where casts occur
Improvement,Trivial,[patch] remove non productive instanceof checks
Bug,Minor,Incorrect list of compatible JRE versions in client trace
Bug,Blocker,DERBY-4984 caused a regression which will not allow users to drop a table if the table was involved in a trigger action rebind during ALTER TABLE DROP COLUMN
Bug,Major,ShutdownException in ContextManager.checkInterrupt() during shutdown
Bug,Major,After specifying deregister=false on the engine shutdown URL  Derby forgets that the default behavior is deregister=true
Improvement,Major,Disable istat logging by default
Bug,Minor,NPE in istat daemon when encountering critical exception during shutdown
Improvement,Trivial,[patch] avoid Boolean allocations for rowset data in client cursor
Improvement,Trivial,[patch] avoid Integer allocations fetching client meta data info
Bug,Major,GetCurrentPropertiesTest depends on implicit ordering of test cases
Bug,Major,ProcedureInTriggerTest depends on implicit ordering of test cases
Bug,Major,Lacking cleanup in CheckConstraintTest.testJira4282()
Bug,Major,Assert failure in SavepointJdbc30Test.testReleaseSqlSavepointAndRollback
Bug,Major,ParameterMetaDataJdbc30Test fails with ''DUMMYINT' is not recognized as a function or procedure'
Bug,Major,testQualifiers(org.apache.derbyTesting.functionTests.tests.store.AccessTest)java.sql.SQLException: Table/View 'FOO' already exists in Schema 'APP'.
Bug,Major,nightly test failure in derbyall/storeall/storemore/SpaceTable
Bug,Major,Incomplete quoting of SQL identifiers in AlterTableConstantAction
Bug,Major,ParameterMetaDataJdbc30Test fails with ''PMDD' is not recognized as a function or procedure'
Bug,Major,Cannot rollback after syntax error in internal statement
Bug,Major,CLOB INOUT arg set to NULL by procedure does not preserve NULL value when re-invoked
Bug,Trivial,[patch] fix up sql cleanup handling
Improvement,Major,PropertySetter should ignore GCJ installations
Bug,Major,Setting up network server for management tests hangs intermittently
Bug,Major,Interrupt of create table or index (i.e. a container) will throw XSDF1 under NIO - connection survives
Bug,Major,Client driver silently truncates strings that exceed 32KB
Improvement,Major,Remove usages of DriverManager to obtain an Embedded Connection in Derby Server
Bug,Minor,assert failure in test testRAFReadWriteMultipleThreads: interrupted flag cleared
Improvement,Minor,DatabaseMetaData.getColumns(null  null  tableName  null) does not return the columns meta for a SYNONYM
Improvement,Minor,Simplify bytecode generation for concatenation operator
Bug,Minor,Warnings regarding XPath displayed when generating JavaDoc
Bug,Major,A table created with 10.0.2.1 with constraints cannot be dropped with 10.5 due to NullPointerException with insane build or ASSERT FAILED Failed to find sharable conglomerate descriptor for index conglomerate  with sane build
Bug,Minor,Engine code references org.apache.derby.shared.common.sanity.SanityManager
Bug,Major,Intermittent OutOfMemoryErrors in BasicSetup.testTriggersWithLOBcolumns()
Bug,Major,Large batch of DDL in a database procedure dies on a transaction severity error.
Improvement,Minor,Update tools/ide/netbeans directory
Bug,Major,Unable to boot 10.5.1.1 database - fails during soft/hard upgrade process for a new version number while trying to drop jdbc metadata
Bug,Major,test failure: NullPointerException with J2ME (weme 6.2) in testDerby4137_TransactionTimeoutSpecifiedNotExceeded(org.apache.derbyTesting.functionTests.tests.memory.XAMemTest)
Bug,Major,SQLAuthorisation and views
Improvement,Trivial,Change derby.tests.trace to print the class as well as fixture name
Improvement,Trivial,Remove dead methods (June 2011)
Bug,Major,Assert failure with CASE expression in GROUP BY clause
Bug,Major,Incorrect use of CharsetEncoder in DDMWriter
Bug,Major,Repeated database creation causes OutOfMemoryError
Bug,Major,Starting 7/13/2011 weme 6.2 upgrade tests started failing with 213 failures 127 errors with java.lang.IllegalAccessException
Bug,Major,URLCheck fails on phoneME
Bug,Major,ij3Test fails on phoneME
Improvement,Major,Restricted Table Function support should pass NOT EQUAL restrictions to initScan
Bug,Major,AssertionFailedError in testCaseCS4595B_NonUniqueIndex in AccessTest
Bug,Minor,NPE in BasicDatabase.stop in replication slave mode (dd.clearSequenceCaches)
Bug,Major,By default  only the DBO should be allowed to run several of the diagnostic VTIs.
Bug,Major,Intermittent failures in CompressTableTest and TruncateTableTest
Bug,Major,MemoryLeakFixesTest.testRepeatedDatabaseCreationWithAutoStats() fails on phoneME: java.lang.InternalError: Number of class names exceeds vm limit.
Bug,Major,SysDiagVTIMappingTest.test_5391() failed: java.text.ParseException: Unparseable date: 'Thu Sep 15 14:00:16 CEST 2011'
Improvement,Major,Make Derby run on Oracle Java ME Embedded Client
Bug,Minor,On z/OS testConnectWrongSubprotocolWithSystemProperty(org.apache.derbyTesting.functionTests.tests.tools.ConnectWrongSubprotocolTest)junit.framework.Asserti ailedError
Bug,Major,Unauthorized shutdown should not generate thread dump and javacore. AuthenticationTest dumps over 20 javacores with IBM JVM for normal user errors
Bug,Major,Empty MAPS table in toursdb
Bug,Major,SpawnedProcess.complete may fail to destroy the process when a timeout is specified
Bug,Major,ERROR 40001 deadlock in nstest on select max(serialkey)
Bug,Major,Problems running SecureServerTest and replication tests on Open JDK 7 for Mac OS X
Improvement,Minor,ant release should not modify drdamaint version
Improvement,Minor,Speed up message splitting in build
Improvement,Minor,Speed up creation of bin scripts
Improvement,Minor,Don't run MessageVetter unless messages have changed
Improvement,Minor,Reduce number of jar invocations in the buildjars target
Bug,Major,Restrictive file permissions: permissions removed also for owner on NTFS if Acl does not contain explicit entry for owner
Bug,Major,Same value returned by successive calls to a sequence generator.
Bug,Major,ClosedByInterruptException in AuthenticationTest
Improvement,Major,Subquery is only allowed to return a single column - When using derby with hibernate (or JPA) queries are created per JPA spec. For tables with multi-column PK  subqueries are created with two columns in select clause.
Bug,Major,SecureServerTest  Driver40UnbootedTest and replication tests not prepared for space in java.home
Bug,Major,XATransactionTest: Table/View 'DERBY1016' already exists
Bug,Major,SQLChar.getCollationKey NPE in index-stat-thread
Improvement,Major,Harden password hashing in the builtin authentication service
Improvement,Trivial,Call initCause() and getCause() without reflection in BaseJDBCTestCase
Improvement,Minor,Remove unnecessary field rwsOK in DirStorageFactory4
Bug,Major,NSSecurityMechanismTest fixture testNetworkServerSecurityMechanism fails intermittentlyt
Bug,Blocker,Derby threads hanging when using ClientXADataSource and a deadlock or lock timeout occurs
Bug,Major,NullPointerException in generated VTI code
Bug,Major,AssertFailures (7  or 8) with ibm 1.6 and 1.5 on Windows XP in lang.NativeAuthProcs fixture testAll
Bug,Major,Java deadlock between LogicalConnection40 and ClientXAConnection40 (patch attached)
Bug,Major,Race conditions in LogicalConnection checking for a null physical connection
Improvement,Major,Network Server should reject client connections that are not Derby Network Client
Bug,Major,AlterTableTest#testDropColumn fails: drop view cannot be performed due to dependency
Bug,Major,AssertionFailedError: Should not hold locks after commit in ResultSetMiscTest
Bug,Major,NativeAuthenticationServiceTest getting multiple errors trying to delete files/directories during teardown
Bug,Major,Access denied (java.lang.RuntimePermission modifyThreadGroup) in IndexStatisticsDaemonImpl.schedule()
Bug,Major,Select statement with subqueries with group by and count distinct statements returns wrong number of results
Improvement,Trivial,[patch] access static constants with static references
Improvement,Major,Prepare old test harness for running tests on Java 8
Bug,Minor,ServerPropertiesTest prints .java.net.SocketException: Connection reset to console but test passes
Bug,Major,NPE in Store  when running SELECT in a read-only database accessed via the classpath subprotocol when authentication  authorization  and Java security are turned on
Bug,Major,System can run out of stack space while processing DropOnCommit requests.
Bug,Major,OutOfMemoryError in OCRecoveryTest on phoneME
Improvement,Major,Get upgrade tests to pass on OJEC 1.1
Bug,Minor,NATIVE warns about password expiry for DBO
Bug,Critical,Rolling back a transaction leads to an inconsistent state
Bug,Major,When a foreign key constraint on a table is dropped  the associated statistics row for the conglomerate is not removed
Bug,Major,Back out the concurrency improvements for identity columns introduced by derby-4437
Bug,Minor,intermittent test failure in storetests/st_derby715.java
Bug,Major,Authorization decorators don't null out connections when done
Improvement,Minor,Clean up statements in CreateTableFromQueryTest
Bug,Major,ResultSetFromPreparedStatementTest keeps references to non-default connections
Bug,Major,BigDataTest.tearDown() doesn't call super.tearDown()
Bug,Major,CheckConstraintTest holds on to resources after completion
Bug,Major,ColumnDefaultsTest holds on to resources after completion
Bug,Major,InbetweenTest holds on to resources after completion
Bug,Major,TimestampArithTest keeps references to statements after completion
Bug,Major,TableFunctionTest keeps reference to connection after completion
Bug,Major,UngroupedAggregatesNegativeTest doesn't call super.tearDown()
Bug,Major,ParameterMappingTest lacks call to super.tearDown()
Bug,Major,InternationalConnectTest forgets to call super.tearDown()
Bug,Major,EncryptionKeyTest sometimes keeps reference to connection
Bug,Major,Replication tests keep references to connections after completion
Bug,Minor,ProtocolTest doesn't clean up its test resources
Bug,Major,NullPointerException in GenericTriggerExecutor.executeSPS() caused by OutOfMemoryError
Improvement,Trivial,Remove unsued code in AlterTableConstantaction.columnDroppedAndTriggerDependencies
Improvement,Major,Native user authentication: improve wording of error message
Bug,Minor,Sending an empty string as table name to compress table procedure or empty string as index name to update statistics procedure makes the parser throw an exception.
Bug,Minor,Missing argument in some XJ022 errors
Improvement,Trivial,Use TestNullOutputStream where possible
Bug,Trivial,Upgrade tests should  print full IOException stack trace when it fails to access old versions
Bug,Major,Table functions should only accept arguments which are constant in their query block.
Improvement,Minor,Remove duplicated code for starting remote processes in replication tests
Improvement,Minor,Replication tests should use BaseTestCase.execJavaCmd() to run local commands
Improvement,Major,Make it possible to turn off encryption on an already encrypted database.
Bug,Minor,Documentation in release doesn't include stylesheets
Improvement,Minor,Remove unused methods in client.am.DateTime
Bug,Major,AssertionFailedError in functionTests.tests.lang.UpdateStatisticsTest.testDisposableStatsEagerness
Improvement,Minor,Disable i18n/JapanCodeConversion.sql on platforms that don't support EUC_JP or SJIS
Improvement,Trivial,Remove unused class ExecProcUtil
Improvement,Trivial,Add replicationTests.ReplicationSuite to junit-core ant target
Bug,Major,testOSReadOnly fails with k.AssertionFailedError: expected an error indicating the db is readonly on HP java 1.6
Bug,Major,Make DoubleProperties.propertyNames() thread-safe
Bug,Major,By using syscs_set_database_property  you can set the database version to a garbage string which prevents you from booting the database.
Improvement,Minor,Clean up IDE warnings in DRDAConnThread
Improvement,Major,Remove unused methods in DDMReader and DDMWriter
Improvement,Trivial,Remove JDBC 3 constants from client.am.Statement
Improvement,Minor,Prune the brokered class tree
Improvement,Major,Add message argument names  as comments  to English message file produced by MessageBuilder.
Improvement,Minor,Simplify JSR-169 implementation class tree
Bug,Major,The order of argument names in messages.xml is sometimes wrong when the arguments occur in the message out of sequence.
Bug,Minor,Broken handling of paths with special characters in compatibility/VersionCombinationConfigurator
Improvement,Trivial,add ibm18 class to functionTests.harness
Bug,Minor,Incorrect list of compatible JRE versions in client trace #2
Improvement,Trivial,Add utility methods to query state of URL attributes in EmbedConnection
Bug,Major,Missing method exception raised when using Clobs with territory based collation
Bug,Major,NPE in SELECT involving subselects and windows functions
Bug,Minor,Timestamp comparison failure in AutomaticIndexStatisticsTest.testStatisticsCorrectness
Bug,Major,Encryption  re-encryption  and un-encryption silently fail if the database is already booted.
Bug,Major,Grammar doesn't accept OR operator without parentheses
Improvement,Minor,Stop producing byte code for non-existent qualifiers
Improvement,Minor,Use BaseTestCase.execJavaCmd() to start process from NetworkServerTestSetup
Bug,Minor,Replication tests fail on CDC platforms without optional JSSE package
Bug,Major,ErrorMessageTest assert failure: Only one of the waiters should be aborted
Bug,Major,NullPointerException in INSERT INTO ... SELECT FROM ... ORDER BY
Bug,Major,IN lists with mixed types may return wrong results
Improvement,Major,Lift the arbitrary limit on the number of routine parameters.
Bug,Major,in list multi-probe by primary key not chosen on tables with >256 rows
Bug,Major,Failures in upgradeTests.Changes10_9 related to index cardinality statistics
Bug,Major,100's of errors in nightly test run on weme after jacoco property/priviledges checkin
Bug,Major,Package javadoc publishedapi/jdbc4/index.html out of date
Bug,Major,testPositionAgressive(org.apache.derbyTesting.functionTests.tests.jdbcapi.BlobClob4BlobTest)j fails with : 'The handle is invalid.: java.io.IOException'.
Bug,Major,Upgrade tests fail on compact2
Bug,Major,Investigate why setting a login timeout causes NativeAuthenticationServiceTest to fail when run in a suite
Bug,Major,SSL Test (and network server )  can hang if serverSocket.accept() fails for something other than an IOException
Bug,Major,Marshalling error in JDBCDriverTest as part of CompatibilityTest
Bug,Major,select from view with 'upper' and 'in' list throws a ClassCastException
Bug,Major,nightly regression test failure  intermittent error : testStatisticsCorrectness(org.apache.derbyTesting.functionTests.tests.store.AutomaticIndexStatisticsTest)junit.framework.AssertionFailedError
Bug,Major,nightly regression test failure: testMultipleLastKeyWaitsInMaxScan(org.apache.derbyTesting.functionTests.tests.store.IndexSplitDeadlockTest)junit.framework.AssertionFailedError: Column value mismatch @ column '1'
Improvement,Major,Add automatic cleanup of connections opened with openDefaultConnection()
Bug,Major,Derby does not report warnings raised by table functions
Improvement,Minor,Simplify code that handles LOB files
Bug,Minor,Interrupt restarts clock for login timeout
Improvement,Minor,Clean up registered format ids
Bug,Critical,AutoloadTest does not proprogate original jvm -D flags to spawned JVM  leading to LAB regression test failures
Bug,Minor,Cleanup suspect coding practices in org.apache.derby.iapi.error package
Bug,Major,Query against view  with 'where name LIKE 'Col1' ESCAPE '/' ' failed
Bug,Minor,Cleanup suspect coding practices in org.apache.derby.iapi.services.io package
Bug,Minor,Cleanup suspect coding practices in the org.apache.derby.impl.tools.planexporter package
Bug,Minor,Cleanup suspect coding practices in the org.apache.derby.iapi.types package
Bug,Minor,Cleanup suspect coding practices in the org.apache.derby.iapi.sql.dictionary package
Bug,Minor,Cleanup suspect coding practices in misc Derby packages
Improvement,Major,Make Optimizer trace logic pluggable.
Bug,Minor,NullPointerException when calling a procedure with sub-query as argument
Bug,Major,Issues with latest JDK 8 EA build because of missing SQLPermission
Bug,Minor,SecureServerTest assertion error on contents of stdout from subprocess
Improvement,Major,Use the JVM's cache of Number instances in ReuseFactory
Improvement,Minor,Remove unnecessary checks for UnsupportedEncodingException in the client
Bug,Major,XMLBindingTest fails on latest JDK 8 EA
Bug,Major,updatelocksJDBC30 test failing in nightly regression tests
Improvement,Major,Add ability to print a Derby execution ResultSet as xml.
Improvement,Major,Add ability to compactly specify a complete query plan in an optimizer override.
Bug,Major,NullPointerException when using more than one parameter in COALESCE
Improvement,Trivial,Use Arrays.copyOf() in FormatableArrayHolder.getArray()
Improvement,Minor,Allow tests to show detailed error when spawning new process fails
Improvement,Trivial,Simplify PropertyUtil using Properties.stringPropertyNames()
Bug,Major,Intermittent failures in XplainStatisticsTest.testSimpleXplainOnly
Bug,Major,XplainStatisticsTest.testSimpleQuery: BEGIN_COMP_TIME unexpectedly NULL
Improvement,Major,Log a page dump to derby.log if ERROR nospc: nospc.U  is returned to the user
Bug,Minor,Fix incorrect @throws and @exception tags in javadoc
Bug,Major,DatabaseMetaData.getJDBCMinorVersion() should return 2 now that we've implemented JDBC 4.2
Improvement,Trivial,Simplify StringBuffer use  as they are mutable
Improvement,Minor,Remove Profile attribute from jar file manifests
Bug,Major,failure in testConstraintDrops(org.apache.derbyTesting.functionTests.lang.ConglomerateSharingTest)junit.framework.AssertionFailedError: Error 23505 should have been caused by index/constraint...
Bug,Major,java.security.AccessControlException in i18n.LocalizedDisplayScriptTest
Bug,Major,CREATE TRIGGER doesn't detect all illegal references to SESSION schema
Bug,Major,Errors in jdbc4.LobStreamTest if derbyclient.jar is first in the classpath
Bug,Major,NullPointerException in DirFile
Bug,Minor,ClassCastException when launching derby from windows subst drive
Bug,Major,Minimal select privilege should be checked in subqueries
Bug,Major,Incorrect handling when using an UPDATE to SET an identity column to DEFAULT
Bug,Major,Incorrect privileges may be required for INSERT and DELETE statements.
Bug,Major,Connections opened by ForeignTableVTI never get released
Bug,Major,ArrayIndexOutOfBoundsException when calling function from trigger
Bug,Critical,Infinite loop in NetworkServerControlImpl.ensureDataInBuffer
Bug,Major,NetworkServerControl API breaks when username or password contains non-ascii characters
Improvement,Major,Create a regression test which will fail if classes from one Derby jar file leak into another jar file
Improvement,Minor,Revamp the vti demo to look and behave more like the other demos.
Improvement,Minor,Include SQLState in client exception messages
Bug,Major,Optional tool registration may fail because the CompilerContext is not always available at execution time.
Bug,Major,intermittent error in nightly regression tests: AutoIncrementTest
Bug,Major,Starting network server on a network drive fails with JDK 7 on Windows
Bug,Major,java.lang.NoSuchMethodError chaining a function and procedure
Improvement,Trivial,Remove StorageFile.getURL() and its implementations
Improvement,Trivial,Remove storageFactory field from subclasses of InputStreamFile
Bug,Major,Syntax error when reference to transition variable has whitespace around it
Bug,Major,Non-english locale flunks LuceneSupportTest
Bug,Major,testDERBY5120NumRowsInSydependsForTrigger fails when the starting version of the upgrade trajectory is 10.10.2.0
Bug,Major,Sequence generator makes CREATE TRIGGER fail with internal error
Bug,Major,NOT elimination for CASE expressions is broken
Bug,Minor,ROW_NUMBER function throws NullPointerException in UPDATE statement
Improvement,Minor,Simplify handling of untyped nulls in CASE and NULLIF expressions
Bug,Major,Incorrect nullability for CASE expression with parameter
Improvement,Major,add HoldForConnection ij command to match NoHoldForConnection
Bug,Major,CheckToursDBTest failed while updating sequence value on disk
Bug,Major,Broken link in API docs to derby.drda.keepAlive documentation
Bug,Major,User procedures can call system procedures  circumventing SQL authorization.
Improvement,Minor,Use javax.xml.xpath interfaces for XPath support
Improvement,Major,Check type of user-supplied modules before creating instances
Improvement,Minor,Support standard syntax for altering column nullability
Bug,Major,Compilation error using a view as the source data set for a MERGE statement
Bug,Major,Rollback to savepoint allows violation of deferrable constraints
Improvement,Major,Allow Derby to rename tables referenced by foreign keys
Bug,Major,Permission problems when running JUnit tests with Ant 1.9.4
Bug,Major,ROW_NUMBER should not be allowed as argument in a procedure call
Bug,Minor,Assert failure/ArrayIndexOutOfBoundsException when using COUNT in MERGE matching clause
Bug,Major,OOME when running ConstraintCharacteristicsTest with smaller heap
Bug,Major,Add derbyoptionaltools.jar to the class paths of the scripts in the bin directory
Bug,Major,Add derbyoptionaltools.jar to the maven artifacts we publish
Bug,Major,Cannot create a Lucene index if a key column's name is case-sensitive
Bug,Major,The jacoco-junit target fails to store coverage data for some sub-suites
Improvement,Major,For update statement  collect generated keys if Statement.RETURN_GENERATED_KEYS flag is supplied to the JDBC call.
Improvement,Major,Remove need for db2jcc.jar for executing ij or upload it on ibiblio
Bug,Major,Fix hard-coded JDBC 4.0 type constants
Bug,Major,In suites.All  certain test orders cause AccessControlException
Improvement,Minor,Utilize JQL to fetch JIRA issue list for release notes generation
Improvement,Minor,Remove unused parameter in splitmessages
